{
    "Instance_name": "Centria Scheduler",
    "User inputs": {
        "control_loh_fin": true,
        "Opex_ely_eur_per_kWh": 0.004,
        "h2_percentage": 20,
        "LOH_final": 0.85,
        "P_max_allaccio_kW": 1000,
        "grafici finali": true
    },
    "Forecast Data": {
        "gas_blend_smc": [
            5.85,
            5.85,
            5.85,
            5.85,
            5.85,
            5.85,
            5.85,
            5.85,
            5.85,
            5.85,
            5.85,
            5.85,
            5.85,
            5.85,
            5.85,
            5.85,
            5.85,
            5.85,
            5.85,
            5.85,
            5.85,
            5.755000000000001,
            5.659999999999999,
            5.5649999999999995,
            5.47,
            5.375,
            5.28,
            5.185,
            5.09,
            4.995,
            4.9,
            4.805,
            4.709999999999999,
            4.615,
            4.52,
            4.425,
            4.33,
            4.235,
            4.140000000000001,
            4.045,
            3.95,
            3.9800000000000004,
            4.01,
            4.040000000000001,
            4.07,
            4.1,
            4.130000000000001,
            4.16,
            4.19,
            4.220000000000001,
            4.250000000000001,
            4.279999999999999,
            4.3100000000000005,
            4.34,
            4.37,
            4.4,
            4.43,
            4.46,
            4.49,
            4.5200000000000005,
            4.55,
            4.485,
            4.42,
            4.3549999999999995,
            4.29,
            4.225,
            4.16,
            4.095000000000001,
            4.03,
            3.965,
            3.9,
            3.835,
            3.7700000000000005,
            3.7049999999999996,
            3.6399999999999997,
            3.5750000000000006,
            3.5099999999999993,
            3.4450000000000003,
            3.3800000000000003,
            3.315,
            3.25,
            3.3475,
            3.4450000000000003,
            3.5425000000000004,
            3.6399999999999997,
            3.7375,
            3.835,
            3.9324999999999997,
            4.03,
            4.1274999999999995,
            4.225,
            4.3225,
            4.42,
            4.5175,
            4.615,
            4.7125,
            4.7125
        ],
        "P_pv_kW": [
            0.0,
            0.0,
            0.0,
            0.0,
            0.0,
            0.0,
            0.0,
            0.0,
            0.0,
            0.0,
            0.0,
            0.0,
            0.0,
            0.0,
            0.0,
            0.0,
            0.0,
            0.0,
            0.0,
            0.0,
            0.0,
            0.0,
            0.0,
            0.0,
            0.0,
            0.0,
            0.0,
            0.0,
            0.0,
            0.0,
            0.0,
            0.0,
            0.0,
            0.0,
            0.0,
            0.0,
            0.0,
            0.0,
            0.0,
            0.0,
            0.0,
            0.0,
            0.0,
            0.0,
            0.0,
            0.0,
            0.0,
            0.0,
            0.0,
            0.0,
            0.0,
            0.0,
            0.0,
            0.0,
            0.0,
            0.0,
            0.0,
            0.0,
            0.0,
            0.0,
            0.0,
            0.0,
            0.0,
            0.0,
            0.0,
            0.0,
            0.0,
            0.0,
            0.0,
            0.0,
            0.0,
            0.0,
            0.0,
            0.0,
            0.0,
            0.0,
            0.0,
            0.0,
            0.0,
            0.0,
            0.0,
            0.0,
            0.0,
            0.0,
            0.0,
            0.0,
            0.0,
            0.0,
            0.0,
            0.0,
            0.0,
            0.0,
            0.0,
            0.0,
            0.0,
            0.0,
            0.0
        ],
        "c_sell_eur_per_kWh": [
            0.10473,
            0.10473,
            0.10473,
            0.10473,
            0.10473,
            0.10473,
            0.10473,
            0.10473,
            0.10473,
            0.10473,
            0.10473,
            0.10473,
            0.10473,
            0.10473,
            0.10473,
            0.10473,
            0.10473,
            0.10473,
            0.10473,
            0.10473,
            0.10473,
            0.10473,
            0.10473,
            0.10473,
            0.10473,
            0.10473,
            0.10473,
            0.10473,
            0.10473,
            0.10473,
            0.10473,
            0.10473,
            0.10473,
            0.10473,
            0.10473,
            0.10473,
            0.10473,
            0.10473,
            0.10473,
            0.10473,
            0.10473,
            0.10473,
            0.10473,
            0.10473,
            0.10473,
            0.10473,
            0.10473,
            0.10473,
            0.10473,
            0.10473,
            0.10473,
            0.10473,
            0.10473,
            0.10473,
            0.10473,
            0.10473,
            0.10473,
            0.10473,
            0.10473,
            0.10473,
            0.10473,
            0.10473,
            0.10473,
            0.10473,
            0.10473,
            0.10473,
            0.10473,
            0.10473,
            0.10473,
            0.10473,
            0.10473,
            0.10473,
            0.10473,
            0.10473,
            0.10473,
            0.10473,
            0.10473,
            0.10473,
            0.10473,
            0.10473,
            0.10473,
            0.10473,
            0.10473,
            0.10473,
            0.10473,
            0.10473,
            0.10473,
            0.10473,
            0.10473,
            0.10473,
            0.10473,
            0.10473,
            0.10473,
            0.10473,
            0.10473,
            0.10473,
            0.10473
        ],